id,first_name,last_name,email,gender,ip_address
1,Koressa,Adhams,kadhams0@taobao.com,Female,78.2.192.82
2,Joyce,Garland,jgarland1@meetup.com,Female,205.240.104.247
3,Jaquelin,Strapp,jstrapp2@vimeo.com,Female,38.42.37.248
4,Shirlee,Pendleberry,spendleberry3@mac.com,Female,244.182.128.237
5,Boigie,Heape,bheape4@ovh.net,Male,167.157.131.12
6,Steve,Tizard,stizard5@multiply.com,Male,113.19.69.92
7,Zuzana,Freire,zfreire6@google.de,Female,21.178.244.229
8,Lalo,Iannazzi,liannazzi7@google.ca,Male,161.54.217.94
9,Jameson,McComiskey,jmccomiskey8@google.com.hk,Male,111.166.6.136
10,Constanta,Murrey,cmurrey9@myspace.com,Female,41.155.207.155
11,Antonia,Kellett,akelletta@slashdot.org,Female,112.111.246.63
12,Tyrus,Gumly,tgumlyb@php.net,Male,113.107.180.230
13,Alaine,Guise,aguisec@uol.com.br,Female,29.223.46.3
14,Nial,Nettles,nnettlesd@webeden.co.uk,Male,250.213.124.143
15,Inna,Matousek,imatouseke@bravesites.com,Female,201.248.192.149
16,Jarrod,Creboe,jcreboef@nhs.uk,Male,113.223.32.59
17,Terese,Poundsford,tpoundsfordg@icq.com,Female,242.53.49.199
18,Caldwell,Mohammed,cmohammedh@usnews.com,Male,229.82.60.55
19,Jermaine,Ogdahl,jogdahli@lycos.com,Female,152.9.158.177
20,Kara,Lindop,klindopj@people.com.cn,Female,223.147.245.142
21,Pearce,Hayford,phayfordk@umn.edu,Male,190.106.10.64
22,Stace,Yitzhakof,syitzhakofl@msn.com,Female,255.220.18.97
23,Orelie,Karsh,okarshm@nba.com,Female,0.4.103.192
24,Orion,Sarle,osarlen@printfriendly.com,Male,61.115.54.217
25,Alasteir,Sydall,asydallo@digg.com,Male,246.173.153.122
26,Ferguson,Ivshin,fivshinp@mapquest.com,Male,152.146.10.219
27,Gipsy,Kellaway,gkellawayq@timesonline.co.uk,Female,246.138.236.102
28,Zelma,Beri,zberir@constantcontact.com,Female,130.196.186.106
29,Kristoffer,Nazair,knazairs@cornell.edu,Male,28.103.184.193
30,Barby,Leavey,bleaveyt@netscape.com,Female,71.202.47.204
31,Audrey,Dirr,adirru@craigslist.org,Female,169.159.150.60
32,Kira,Albert,kalbertv@va.gov,Female,143.36.3.53
33,Warde,Dawidowsky,wdawidowskyw@cmu.edu,Male,11.52.54.87
34,Patrizius,Rhule,prhulex@state.gov,Male,244.10.189.58
35,Ardene,Boltwood,aboltwoody@dropbox.com,Female,142.98.103.255
36,Melany,Le Fevre,mlefevrez@bizjournals.com,Female,55.80.249.192
37,Roderic,Lorman,rlorman10@goodreads.com,Male,61.154.187.93
38,Petunia,Collet,pcollet11@addthis.com,Female,120.186.225.214
39,Hermia,Haresign,hharesign12@nyu.edu,Female,203.95.197.64
40,Trefor,Vanyarkin,tvanyarkin13@cnn.com,Male,15.40.131.25
41,Austin,Skoate,askoate14@gizmodo.com,Male,239.164.109.157
42,Berna,Larn,blarn15@usgs.gov,Female,152.18.185.72
43,Gardiner,Hughson,ghughson16@joomla.org,Male,185.199.92.76
44,Silvana,Keavy,skeavy17@clickbank.net,Female,181.138.49.215
45,Emmery,Martusewicz,emartusewicz18@goodreads.com,Male,123.45.223.83
46,Randi,Perllman,rperllman19@nymag.com,Male,193.117.192.147
47,Boniface,Morrice,bmorrice1a@epa.gov,Male,244.182.89.151
48,Rachelle,Krystek,rkrystek1b@wix.com,Female,28.218.194.128
49,Jodie,Edgcombe,jedgcombe1c@blogs.com,Female,2.97.85.194
50,Edmund,Bunning,ebunning1d@yahoo.co.jp,Male,28.207.75.197
51,Calida,Poundesford,cpoundesford1e@de.vu,Female,9.206.13.191
52,Kakalina,Gebbie,kgebbie1f@weebly.com,Female,248.196.45.237
53,Gwenneth,Izatt,gizatt1g@photobucket.com,Female,19.148.10.1
54,Ulises,Wozencroft,uwozencroft1h@oracle.com,Male,136.15.66.27
55,Vivian,Olifaunt,volifaunt1i@yolasite.com,Female,148.221.86.209
56,Adham,Murrison,amurrison1j@upenn.edu,Male,164.145.102.194
57,Shalom,Matysik,smatysik1k@slideshare.net,Male,29.254.63.223
58,Etty,Darwent,edarwent1l@wired.com,Female,230.112.141.215
59,Hugibert,Lundbeck,hlundbeck1m@msn.com,Male,81.222.209.73
60,Anjela,Hallatt,ahallatt1n@cam.ac.uk,Female,229.199.71.228
61,Woody,Enrich,wenrich1o@etsy.com,Male,58.82.76.252
62,Gaultiero,Vosper,gvosper1p@scribd.com,Male,0.203.108.243
63,Larine,Peirone,lpeirone1q@eepurl.com,Female,74.117.40.238
64,Hubie,Creyke,hcreyke1r@umich.edu,Male,229.58.117.14
65,Germayne,Randall,grandall1s@people.com.cn,Male,33.42.27.7
66,Oren,Major,omajor1t@statcounter.com,Male,241.136.184.125
67,Linda,O'Dowgaine,lodowgaine1u@acquirethisname.com,Female,130.36.101.214
68,Bradford,Belchamp,bbelchamp1v@dropbox.com,Male,96.181.217.182
69,Adamo,Cuttings,acuttings1w@tinypic.com,Male,109.13.73.178
70,Rutger,Glassup,rglassup1x@php.net,Male,162.66.31.129
71,Ronna,De Fraine,rdefraine1y@a8.net,Female,101.38.28.15
72,Dwayne,Fist,dfist1z@cyberchimps.com,Male,29.132.125.155
73,Sandy,Harm,sharm20@theatlantic.com,Male,190.33.233.208
74,Gay,Aronin,garonin21@php.net,Male,250.79.142.203
75,Nissie,Wyne,nwyne22@icio.us,Female,186.117.14.136
76,Janeen,Postan,jpostan23@unesco.org,Female,126.28.65.253
77,Aubine,True,atrue24@dailymail.co.uk,Female,157.196.170.120
78,Mildred,Rigeby,mrigeby25@ning.com,Female,89.32.147.66
79,Anson,Milella,amilella26@archive.org,Male,247.136.109.43
80,Casper,Hetterich,chetterich27@guardian.co.uk,Male,171.31.218.93
81,Cody,Gunner,cgunner28@list-manage.com,Male,59.162.105.250
82,Collin,Bradfield,cbradfield29@miibeian.gov.cn,Male,28.51.209.158
83,Krishna,Parkyn,kparkyn2a@google.com,Male,155.43.238.185
84,Virgilio,Cantle,vcantle2b@flavors.me,Male,253.22.140.61
85,Isacco,Maltman,imaltman2c@mayoclinic.com,Male,102.176.216.66
86,Darrin,Greenhalf,dgreenhalf2d@bbc.co.uk,Male,116.243.115.209
87,Joachim,Sussex,jsussex2e@etsy.com,Male,245.146.146.207
88,Kimble,Woolrich,kwoolrich2f@answers.com,Male,47.48.171.136
89,Analise,O'Malley,aomalley2g@miibeian.gov.cn,Female,25.231.36.188
90,Aldous,Annandale,aannandale2h@aol.com,Male,216.63.190.41
91,Joni,Rozanski,jrozanski2i@clickbank.net,Female,232.181.77.162
92,Jessica,Power,jpower2j@wikipedia.org,Female,180.90.113.162
93,Hasty,Ells,hells2k@weibo.com,Male,0.78.204.199
94,James,Wesley,jwesley2l@msn.com,Male,132.158.181.65
95,Cacilie,Measor,cmeasor2m@buzzfeed.com,Female,229.40.48.111
96,Vernen,Fulford,vfulford2n@reuters.com,Male,212.155.85.3
97,Marie-jeanne,Stickings,mstickings2o@nationalgeographic.com,Female,53.188.47.64
98,Thornie,Martins,tmartins2p@japanpost.jp,Male,175.42.142.106
99,Inigo,Clitherow,iclitherow2q@networksolutions.com,Male,142.65.197.183
100,Pall,Crowley,pcrowley2r@webnode.com,Male,65.113.103.182
101,Susanna,Jachimak,sjachimak2s@sfgate.com,Female,215.184.142.19
102,Mile,Bertl,mbertl2t@harvard.edu,Male,95.213.57.196
103,Eyde,Hollier,ehollier2u@yahoo.co.jp,Female,212.12.185.106
104,Jemmy,Andreasson,jandreasson2v@google.com.br,Female,68.24.106.199
105,Odille,Townsley,otownsley2w@parallels.com,Female,87.219.123.33
106,Sharona,Delia,sdelia2x@washington.edu,Female,239.206.215.128
107,Clea,Dummer,cdummer2y@ovh.net,Female,235.176.110.144
108,Alverta,Trimble,atrimble2z@telegraph.co.uk,Female,244.196.149.68
109,Ker,Wolfendell,kwolfendell30@vimeo.com,Male,37.187.236.139
110,Claribel,Duchateau,cduchateau31@wix.com,Female,34.26.46.51
111,Gannie,Searjeant,gsearjeant32@globo.com,Male,207.206.23.201
112,Nicko,Bridgestock,nbridgestock33@geocities.jp,Male,200.5.95.172
113,Ravi,Drage,rdrage34@ftc.gov,Male,77.11.207.7
114,Gladys,Rogeon,grogeon35@boston.com,Female,162.231.95.60
115,Carmelle,Quig,cquig36@aboutads.info,Female,30.1.47.186
116,Thedric,Jacks,tjacks37@smugmug.com,Male,228.207.161.208
117,Koenraad,Gorden,kgorden38@networkadvertising.org,Male,90.234.25.28
118,Matelda,Prestland,mprestland39@tinyurl.com,Female,41.147.14.251
119,Archibaldo,Roseblade,aroseblade3a@bizjournals.com,Male,113.88.181.29
120,Rube,Cossum,rcossum3b@infoseek.co.jp,Male,157.252.192.75
121,Teodoro,Ronaldson,tronaldson3c@devhub.com,Male,117.68.84.188
122,Gordy,Hasney,ghasney3d@seesaa.net,Male,247.126.105.22
123,Lexi,Fancutt,lfancutt3e@nymag.com,Female,45.46.238.118
124,Anabelle,Myton,amyton3f@nasa.gov,Female,21.72.173.240
125,Elnora,Fuggles,efuggles3g@newsvine.com,Female,106.132.156.197
126,Lainey,Naptin,lnaptin3h@google.co.uk,Female,62.243.175.202
127,Somerset,Layman,slayman3i@apache.org,Male,154.71.83.106
128,Huntington,Blunderfield,hblunderfield3j@amazon.com,Male,147.142.163.5
129,Sheba,Wickrath,swickrath3k@huffingtonpost.com,Female,180.197.131.173
130,Nicolina,Crosfield,ncrosfield3l@go.com,Female,244.164.80.205
131,Dusty,Cluet,dcluet3m@geocities.jp,Female,149.246.6.190
132,Byran,Deesly,bdeesly3n@europa.eu,Male,125.105.235.252
133,Osbourn,Grimm,ogrimm3o@discovery.com,Male,184.0.38.61
134,Madeleine,Crole,mcrole3p@dell.com,Female,92.69.72.96
135,Eric,Elfitt,eelfitt3q@ucoz.com,Male,95.241.168.124
136,Lambert,Ovell,lovell3r@ihg.com,Male,234.80.160.198
137,Fredia,Spurge,fspurge3s@utexas.edu,Female,207.9.182.94
138,Angie,Reynolds,areynolds3t@rakuten.co.jp,Female,143.82.133.248
139,Sophronia,Alps,salps3u@engadget.com,Female,47.95.228.219
140,Vic,Labitt,vlabitt3v@wiley.com,Male,222.105.216.54
141,Stanislaw,Pepi,spepi3w@npr.org,Male,130.63.30.192
142,Hamil,Owenson,howenson3x@china.com.cn,Male,188.162.58.177
143,Ian,Dungate,idungate3y@aol.com,Male,156.76.192.15
144,Tatiana,Hawkswood,thawkswood3z@nifty.com,Female,11.77.163.134
145,Averil,Sharp,asharp40@dropbox.com,Female,238.6.85.41
146,Gibby,Ings,gings41@china.com.cn,Male,23.242.249.0
147,Minnie,Sorel,msorel42@google.com.au,Female,29.100.225.177
148,Lane,Worsnup,lworsnup43@nhs.uk,Female,246.17.29.171
149,Morissa,Merrill,mmerrill44@g.co,Female,124.28.88.124
150,Sayers,Attfield,sattfield45@jugem.jp,Male,85.166.91.199
151,Howard,Plaxton,hplaxton46@miibeian.gov.cn,Male,83.126.97.134
152,Putnam,Lackham,plackham47@google.pl,Male,99.36.240.10
153,Roxie,Atchly,ratchly48@independent.co.uk,Female,93.219.57.41
154,Maynard,Baylis,mbaylis49@disqus.com,Male,23.245.59.177
155,Leonhard,Loughhead,lloughhead4a@ask.com,Male,158.245.199.176
156,Felicio,Fansy,ffansy4b@msn.com,Male,171.73.14.147
157,Corrianne,Groombridge,cgroombridge4c@craigslist.org,Female,165.80.57.251
158,Kale,Stuther,kstuther4d@ucla.edu,Male,89.185.115.136
159,Consuela,Housin,chousin4e@walmart.com,Female,243.53.85.229
160,Dehlia,Hurler,dhurler4f@bloomberg.com,Female,190.215.219.57
161,Emmalynne,Ottley,eottley4g@wikispaces.com,Female,209.23.154.212
162,Tarah,Klees,tklees4h@fc2.com,Female,139.13.82.74
163,Rance,Kinavan,rkinavan4i@naver.com,Male,191.225.180.142
164,Clyve,Gentle,cgentle4j@odnoklassniki.ru,Male,158.151.188.157
165,Robbert,Derington,rderington4k@fema.gov,Male,2.77.250.59
166,Alessandra,Palfree,apalfree4l@miibeian.gov.cn,Female,185.242.74.242
167,Delila,Dengate,ddengate4m@histats.com,Female,5.60.46.197
168,Merci,Forge,mforge4n@nsw.gov.au,Female,101.193.89.239
169,Archer,MacGorley,amacgorley4o@ftc.gov,Male,25.83.39.114
170,Franky,Mathewson,fmathewson4p@g.co,Female,94.25.55.228
171,Myranda,Jeavons,mjeavons4q@apache.org,Female,87.58.169.71
172,Felicio,Cline,fcline4r@archive.org,Male,26.82.212.250
173,Nataline,Alanbrooke,nalanbrooke4s@thetimes.co.uk,Female,90.148.157.187
174,Onfre,Chopping,ochopping4t@mtv.com,Male,12.160.168.77
175,Fowler,Greenlees,fgreenlees4u@bbc.co.uk,Male,32.193.36.122
176,Johnath,Wolland,jwolland4v@meetup.com,Female,174.207.85.161
177,Phylys,Potbury,ppotbury4w@ebay.com,Female,20.114.150.81
178,Fletch,Aldersea,faldersea4x@dell.com,Male,53.226.228.148
179,Bernadina,Frushard,bfrushard4y@timesonline.co.uk,Female,80.115.118.131
180,Lara,Ferriere,lferriere4z@google.fr,Female,76.150.110.65
181,Loise,Brunsden,lbrunsden50@mapy.cz,Female,14.91.234.158
182,Jana,Thring,jthring51@mozilla.org,Female,40.144.108.135
183,Sharia,Levine,slevine52@deliciousdays.com,Female,182.201.243.145
184,Myca,Mapes,mmapes53@amazon.co.uk,Male,40.255.127.40
185,Bartholomew,Scrowson,bscrowson54@squarespace.com,Male,134.13.164.207
186,Gonzales,Ruperti,gruperti55@elegantthemes.com,Male,104.221.225.118
187,Duky,Alvy,dalvy56@sun.com,Male,155.153.14.65
188,Pacorro,Langthorne,plangthorne57@yellowpages.com,Male,108.197.50.95
189,Garwin,Kimbley,gkimbley58@slashdot.org,Male,39.72.223.167
190,Gardiner,Brogan,gbrogan59@free.fr,Male,82.155.217.87
191,Bird,Hartopp,bhartopp5a@ox.ac.uk,Female,219.216.214.222
192,Kendrick,Canby,kcanby5b@163.com,Male,72.69.188.71
193,Adda,Gounel,agounel5c@artisteer.com,Female,155.114.186.134
194,Sada,Beauvais,sbeauvais5d@cnbc.com,Female,205.74.102.32
195,Adda,Gregore,agregore5e@indiatimes.com,Female,244.113.135.137
196,Foss,Garrick,fgarrick5f@msu.edu,Male,9.70.87.177
197,Vergil,O'Donnelly,vodonnelly5g@smh.com.au,Male,157.231.61.105
198,Afton,Tosney,atosney5h@wp.com,Female,77.88.25.127
199,Boony,Dixson,bdixson5i@woothemes.com,Male,28.246.48.124
200,Viva,Lemmers,vlemmers5j@rambler.ru,Female,210.203.255.169
201,Sylvan,Cumming,scumming5k@google.de,Male,39.172.170.103
202,Harmony,Jeandin,hjeandin5l@feedburner.com,Female,98.32.143.127
203,Corey,Doni,cdoni5m@bigcartel.com,Female,19.255.49.114
204,Marleah,Kruse,mkruse5n@gov.uk,Female,42.156.156.93
205,Carola,Shoebotham,cshoebotham5o@360.cn,Female,252.78.49.75
206,Dacey,Spuffard,dspuffard5p@stanford.edu,Female,115.106.47.143
207,Doug,Du Plantier,dduplantier5q@tripod.com,Male,36.165.51.78
208,Brnaba,Mulqueen,bmulqueen5r@ycombinator.com,Male,125.44.86.170
209,Lenna,Alfonsetto,lalfonsetto5s@ycombinator.com,Female,203.201.209.229
210,Andres,Helgass,ahelgass5t@soundcloud.com,Male,242.118.85.227
211,Mayer,Pymar,mpymar5u@aol.com,Male,215.49.137.179
212,Mordy,Rodrigo,mrodrigo5v@microsoft.com,Male,95.83.9.174
213,Randal,Walshaw,rwalshaw5w@house.gov,Male,89.246.138.109
214,Tan,Hocking,thocking5x@lycos.com,Male,199.153.36.230
215,Lou,Cominetti,lcominetti5y@ftc.gov,Female,76.172.187.92
216,Hilde,Boards,hboards5z@github.com,Female,109.97.75.107
217,Pam,Rigate,prigate60@rakuten.co.jp,Female,197.170.198.68
218,Amerigo,Cescotti,acescotti61@shareasale.com,Male,144.5.96.229
219,Jeni,Lentsch,jlentsch62@pbs.org,Female,145.181.76.48
220,Victoir,Norville,vnorville63@addthis.com,Male,26.197.39.199
221,Prue,Gambrell,pgambrell64@ovh.net,Female,122.127.178.186
222,Corena,Loft,cloft65@vimeo.com,Female,44.160.84.37
223,Dannel,Codeman,dcodeman66@va.gov,Male,224.16.162.100
224,Orland,Ninotti,oninotti67@blinklist.com,Male,17.207.32.51
225,Mikel,Ruff,mruff68@squidoo.com,Male,97.69.222.18
226,Cyrus,Gunner,cgunner69@shop-pro.jp,Male,199.209.218.142
227,Arie,Scare,ascare6a@usda.gov,Male,159.16.87.79
228,Carlye,Hourihan,chourihan6b@who.int,Female,214.17.55.117
229,Joelle,Hansford,jhansford6c@bbc.co.uk,Female,115.135.52.113
230,Valaree,Sansome,vsansome6d@nhs.uk,Female,173.145.245.156
231,Winne,Antosch,wantosch6e@bloglines.com,Female,168.71.218.63
232,Jena,Jedrachowicz,jjedrachowicz6f@zimbio.com,Female,233.82.78.16
233,Doe,Skyram,dskyram6g@taobao.com,Female,39.211.104.93
234,Iggy,Bewfield,ibewfield6h@xrea.com,Male,190.85.192.99
235,Alexine,Gott,agott6i@oracle.com,Female,12.202.167.209
236,Levon,Rintoul,lrintoul6j@disqus.com,Male,140.92.55.30
237,Derby,Mordan,dmordan6k@vimeo.com,Male,172.236.41.217
238,Dorthea,Stobbes,dstobbes6l@yolasite.com,Female,75.143.74.114
239,Taffy,Shallo,tshallo6m@boston.com,Female,110.67.8.251
240,Dorothy,Ceely,dceely6n@auda.org.au,Female,65.229.67.126
241,Megen,Rudolf,mrudolf6o@sciencedirect.com,Female,3.184.164.11
242,Karlen,Irving,kirving6p@google.com,Female,150.1.103.117
243,Fabian,Port,fport6q@yale.edu,Male,192.214.206.189
244,Cordell,Achromov,cachromov6r@dion.ne.jp,Male,253.163.35.130
245,Augy,Caldero,acaldero6s@purevolume.com,Male,249.216.178.100
246,Charlotta,Jay,cjay6t@wix.com,Female,14.228.204.249
247,Carey,Evennett,cevennett6u@cbsnews.com,Female,190.36.169.61
248,Elwin,Bonin,ebonin6v@spotify.com,Male,13.152.164.162
249,Garik,Huddleston,ghuddleston6w@jigsy.com,Male,227.75.37.133
250,Ferdie,Wingfield,fwingfield6x@techcrunch.com,Male,86.72.57.111
251,Damon,Matejovsky,dmatejovsky6y@apache.org,Male,96.105.127.8
252,Terri,Santhouse,tsanthouse6z@istockphoto.com,Female,44.62.117.165
253,Dare,Bresman,dbresman70@engadget.com,Male,153.243.150.49
254,Tam,Imason,timason71@usatoday.com,Male,80.6.72.157
255,Gwendolen,Crosswaite,gcrosswaite72@berkeley.edu,Female,179.90.5.123
256,Jenda,Center,jcenter73@issuu.com,Female,221.22.119.112
257,Guthrie,Silverthorn,gsilverthorn74@mediafire.com,Male,97.235.213.116
258,Simona,Plail,splail75@bbb.org,Female,114.79.250.40
259,Jarrad,Whittock,jwhittock76@delicious.com,Male,33.80.117.118
260,Agnesse,Blanque,ablanque77@cloudflare.com,Female,176.242.243.34
261,Franciskus,Holdin,fholdin78@sfgate.com,Male,6.47.22.132
262,Fan,Gregore,fgregore79@va.gov,Female,33.8.49.62
263,Jordana,McConigal,jmcconigal7a@economist.com,Female,58.168.191.105
264,Morton,Ramm,mramm7b@rambler.ru,Male,91.90.26.194
265,Clarine,Banghe,cbanghe7c@berkeley.edu,Female,229.116.51.240
266,Mikel,Diche,mdiche7d@blogspot.com,Male,239.16.96.16
267,Janka,Slides,jslides7e@oracle.com,Female,16.130.181.27
268,Berty,Sawter,bsawter7f@nymag.com,Male,193.81.79.226
269,Mitchell,Roels,mroels7g@ovh.net,Male,211.238.37.97
270,Floris,Lensch,flensch7h@lycos.com,Female,134.120.198.120
271,Tybalt,Rickerby,trickerby7i@addtoany.com,Male,16.176.148.122
272,Kathi,Hellewell,khellewell7j@blog.com,Female,186.220.77.34
273,Corabelle,Bletsor,cbletsor7k@yahoo.com,Female,67.253.157.79
274,Keven,Flott,kflott7l@chronoengine.com,Male,51.62.168.252
275,Daniel,Tockell,dtockell7m@jugem.jp,Male,69.139.200.174
276,Tedmund,Flecknell,tflecknell7n@mozilla.com,Male,238.246.174.40
277,Rafaelia,Atyea,ratyea7o@infoseek.co.jp,Female,129.230.31.19
278,Benjamin,Haigh,bhaigh7p@1und1.de,Male,10.209.79.24
279,Linnie,Soper,lsoper7q@eventbrite.com,Female,126.79.172.173
280,Angeli,Castella,acastella7r@wikimedia.org,Male,67.235.83.17
281,Virgil,Duesberry,vduesberry7s@wikispaces.com,Male,37.109.23.224
282,Tamra,Crickett,tcrickett7t@photobucket.com,Female,138.131.251.160
283,Della,Olijve,dolijve7u@dagondesign.com,Female,227.32.63.154
284,Cordey,Mawditt,cmawditt7v@ebay.co.uk,Female,39.215.242.49
285,Durant,Horry,dhorry7w@unesco.org,Male,232.249.131.152
286,Burtie,Grebert,bgrebert7x@marketwatch.com,Male,71.59.96.162
287,Rosalind,Thaine,rthaine7y@php.net,Female,103.253.226.25
288,Jaimie,Vasyutkin,jvasyutkin7z@eepurl.com,Male,175.77.75.4
289,Donnie,Soares,dsoares80@rambler.ru,Male,99.177.57.76
290,Evey,Richmond,erichmond81@bizjournals.com,Female,56.118.85.87
291,Andros,Buxy,abuxy82@amazonaws.com,Male,52.190.74.124
292,Erroll,Smoughton,esmoughton83@usnews.com,Male,82.78.188.231
293,Risa,McCleod,rmccleod84@epa.gov,Female,250.141.126.9
294,Hans,Taillard,htaillard85@ox.ac.uk,Male,98.75.185.27
295,Stefan,Shrigley,sshrigley86@mail.ru,Male,234.94.246.39
296,Cam,Delort,cdelort87@delicious.com,Male,184.52.148.28
297,Lusa,Gynni,lgynni88@dedecms.com,Female,253.162.207.249
298,Matias,Eisenberg,meisenberg89@springer.com,Male,130.148.36.96
299,Benjamin,Pudge,bpudge8a@qq.com,Male,184.111.230.9
300,Lonnie,M'Chirrie,lmchirrie8b@oakley.com,Male,200.36.1.165
301,Kathy,Beecheno,kbeecheno8c@constantcontact.com,Female,112.37.110.135
302,Cilka,Garfield,cgarfield8d@about.me,Female,141.210.201.238
303,Ellyn,Gerhold,egerhold8e@rediff.com,Female,29.63.218.88
304,Sven,Conley,sconley8f@dmoz.org,Male,151.241.18.79
305,Jourdain,Dron,jdron8g@oakley.com,Male,151.2.98.101
306,Paul,Cornewall,pcornewall8h@alexa.com,Male,217.63.234.49
307,Laure,Gawthrope,lgawthrope8i@walmart.com,Female,62.181.77.104
308,Geri,Friatt,gfriatt8j@jigsy.com,Male,48.33.215.210
309,Ozzy,de Wilde,odewilde8k@mac.com,Male,47.17.192.250
310,Bailey,Tratton,btratton8l@liveinternet.ru,Male,136.225.17.167
311,Dore,Ablott,dablott8m@prlog.org,Male,223.178.240.64
312,Enrika,Beastall,ebeastall8n@wunderground.com,Female,30.44.187.26
313,Cacilie,Alelsandrowicz,calelsandrowicz8o@discovery.com,Female,163.94.54.59
314,Anabella,Tessington,atessington8p@cam.ac.uk,Female,130.198.84.55
315,Dan,Stickland,dstickland8q@china.com.cn,Male,196.66.232.45
316,Baxy,Erskine Sandys,berskinesandys8r@github.com,Male,61.44.11.250
317,Phedra,Hessel,phessel8s@umich.edu,Female,91.46.130.180
318,Ali,Al Hirsi,aalhirsi8t@canalblog.com,Female,13.103.89.111
319,Kermy,Senter,ksenter8u@bbb.org,Male,245.227.7.247
320,Jdavie,Bourdis,jbourdis8v@boston.com,Male,88.66.16.3
321,Lorene,Boughton,lboughton8w@google.com.au,Female,20.201.28.90
322,Crystal,Rodder,crodder8x@mozilla.org,Female,146.126.72.249
323,Lucius,Powter,lpowter8y@google.co.jp,Male,175.61.88.233
324,Roger,Pauleit,rpauleit8z@surveymonkey.com,Male,11.182.149.232
325,Donalt,Tulk,dtulk90@cpanel.net,Male,119.118.237.183
326,Stevie,Hince,shince91@google.com.au,Male,117.114.19.126
327,Jacky,Mapes,jmapes92@dion.ne.jp,Female,225.215.213.122
328,Judith,Goscomb,jgoscomb93@1688.com,Female,27.223.215.54
329,Klarika,Burnage,kburnage94@google.pl,Female,55.247.139.235
330,Kim,Semorad,ksemorad95@mozilla.com,Male,131.85.249.101
331,Silvana,Gutch,sgutch96@tiny.cc,Female,175.238.89.197
332,Ogdan,By,oby97@google.pl,Male,178.78.143.116
333,Norrie,Harding,nharding98@prnewswire.com,Male,220.158.125.128
334,Hailee,Cain,hcain99@behance.net,Female,243.76.58.176
335,Cthrine,Epsley,cepsley9a@rakuten.co.jp,Female,255.192.164.43
336,Carrissa,Rochell,crochell9b@github.io,Female,14.215.166.86
337,Haily,Denington,hdenington9c@hhs.gov,Male,40.219.138.242
338,Aigneis,Canham,acanham9d@over-blog.com,Female,167.44.13.215
339,Rafael,Chalke,rchalke9e@icq.com,Male,56.3.13.226
340,Micky,Doughty,mdoughty9f@aboutads.info,Male,86.148.46.160
341,Miof mela,Laval,mlaval9g@creativecommons.org,Female,161.53.88.194
342,Celka,O'Mahoney,comahoney9h@zdnet.com,Female,242.193.8.184
343,Jeremy,Munnion,jmunnion9i@google.com,Male,100.212.210.241
344,Barnebas,Zaniolo,bzaniolo9j@reverbnation.com,Male,60.232.87.150
345,Georgie,Marlowe,gmarlowe9k@i2i.jp,Male,101.180.186.84
346,Rahal,De la croix,rdelacroix9l@home.pl,Female,210.14.72.38
347,Carlynne,Waleworke,cwaleworke9m@ow.ly,Female,250.58.96.236
348,Kennith,Anthon,kanthon9n@senate.gov,Male,21.59.101.167
349,Cole,Kilsby,ckilsby9o@fotki.com,Male,79.164.136.65
350,Hilda,Barrett,hbarrett9p@dmoz.org,Female,244.229.62.92
351,Barbabas,Silverwood,bsilverwood9q@comsenz.com,Male,146.94.230.245
352,Jason,Lelliott,jlelliott9r@multiply.com,Male,72.183.124.90
353,Giana,Pharo,gpharo9s@mit.edu,Female,214.183.111.224
354,Gustie,Barosch,gbarosch9t@hc360.com,Female,229.219.229.229
355,Norine,Baseggio,nbaseggio9u@zimbio.com,Female,219.136.152.167
356,Jarret,Pitcock,jpitcock9v@csmonitor.com,Male,47.97.136.142
357,Merrill,Duffill,mduffill9w@accuweather.com,Male,202.91.3.25
358,Kendal,Mandre,kmandre9x@51.la,Male,0.97.95.148
359,Murial,Trythall,mtrythall9y@icq.com,Female,234.15.244.4
360,Hercule,Vankin,hvankin9z@macromedia.com,Male,121.10.225.156
361,Josefa,Tackett,jtacketta0@arizona.edu,Female,98.61.56.69
362,Raychel,Facer,rfacera1@npr.org,Female,159.102.115.132
363,Olivier,Innett,oinnetta2@ucoz.ru,Male,145.235.29.90
364,Leighton,Joncic,ljoncica3@yolasite.com,Male,162.65.41.64
365,Leonhard,Harmour,lharmoura4@wikia.com,Male,161.181.19.21
366,Rachele,Jellman,rjellmana5@omniture.com,Female,195.174.98.16
367,Marie,Kobieriecki,mkobierieckia6@ucoz.ru,Female,69.198.2.66
368,Cookie,Galle,cgallea7@squarespace.com,Female,113.251.21.105
369,Henderson,Coxall,hcoxalla8@house.gov,Male,187.58.10.232
370,Mikel,Yurenev,myureneva9@skyrock.com,Male,78.244.254.10
371,Rafaela,Lunge,rlungeaa@tamu.edu,Female,121.90.94.187
372,Wesley,Simmig,wsimmigab@archive.org,Male,198.5.86.118
373,Hettie,Risebrow,hrisebrowac@dropbox.com,Female,141.203.160.71
374,Sayre,MacPhaden,smacphadenad@admin.ch,Male,32.194.134.221
375,Lyell,McDougal,lmcdougalae@biglobe.ne.jp,Male,174.218.166.23
376,Benji,Derell,bderellaf@sun.com,Male,76.218.189.192
377,Leonard,Crowcum,lcrowcumag@redcross.org,Male,21.244.125.251
378,Margareta,Masserel,mmasserelah@about.me,Female,72.210.192.87
379,Valene,Cannicott,vcannicottai@freewebs.com,Female,13.84.223.160
380,Trueman,MacKaile,tmackaileaj@yandex.ru,Male,231.149.141.84
381,Marley,Gaudin,mgaudinak@cpanel.net,Female,246.156.22.219
382,Susette,Tinston,stinstonal@plala.or.jp,Female,84.231.138.118
383,Caye,Jansema,cjansemaam@imdb.com,Female,93.226.227.68
384,Babbette,Doddridge,bdoddridgean@paypal.com,Female,182.148.79.195
385,Jocelyn,Stockney,jstockneyao@slideshare.net,Female,158.58.136.169
386,Selie,Piburn,spiburnap@github.com,Female,137.213.91.143
387,Vivian,Mosley,vmosleyaq@photobucket.com,Female,30.236.115.235
388,Bartie,McShea,bmcsheaar@gravatar.com,Male,33.66.136.44
389,Brianna,Evreux,bevreuxas@mayoclinic.com,Female,89.152.126.46
390,Barny,Spaunton,bspauntonat@spotify.com,Male,195.97.203.156
391,Barbabra,Rowthorn,browthornau@cnbc.com,Female,245.187.209.208
392,Rivy,De Beneditti,rdebenedittiav@etsy.com,Female,144.203.17.143
393,Brod,Facher,bfacheraw@state.gov,Male,108.17.135.137
394,Randolf,Reaman,rreamanax@artisteer.com,Male,112.185.143.119
395,Annalee,Gifford,agifforday@elegantthemes.com,Female,140.254.119.216
396,Aurelea,Roser,aroseraz@bbb.org,Female,107.253.230.49
397,Yoshi,Zorzutti,yzorzuttib0@nyu.edu,Female,189.230.55.182
398,Arv,Pigot,apigotb1@blogger.com,Male,176.51.246.21
399,Stanleigh,Andreou,sandreoub2@berkeley.edu,Male,6.53.62.190
400,Morgen,McBryde,mmcbrydeb3@dyndns.org,Male,104.201.89.127
401,Natasha,Corro,ncorrob4@drupal.org,Female,57.230.229.223
402,Thacher,Harriot,tharriotb5@gravatar.com,Male,36.62.18.6
403,Gerik,Knappett,gknappettb6@uiuc.edu,Male,150.78.116.145
404,Leshia,Tuminelli,ltuminellib7@miibeian.gov.cn,Female,127.223.109.83
405,Thurston,Hedling,thedlingb8@eepurl.com,Male,118.93.252.53
406,Janenna,Downe,jdowneb9@nyu.edu,Female,119.46.122.255
407,Son,Way,swayba@ask.com,Male,247.126.158.92
408,Sandy,Siemianowicz,ssiemianowiczbb@cbslocal.com,Male,146.12.147.106
409,Riordan,Burchall,rburchallbc@quantcast.com,Male,64.188.138.208
410,Clarita,Utteridge,cutteridgebd@opensource.org,Female,9.57.253.199
411,Alysa,Dedney,adedneybe@comsenz.com,Female,77.183.131.140
412,Bea,Lemerie,blemeriebf@blinklist.com,Female,123.157.239.116
413,Arman,Bosence,abosencebg@techcrunch.com,Male,86.156.245.88
414,Jamima,Sweetlove,jsweetlovebh@nhs.uk,Female,48.50.134.213
415,Vidovic,Golley,vgolleybi@indiegogo.com,Male,29.39.145.132
416,Jamey,Canto,jcantobj@accuweather.com,Male,131.226.64.173
417,Norbie,Woodard,nwoodardbk@ed.gov,Male,61.107.105.155
418,Sioux,Goodbar,sgoodbarbl@hostgator.com,Female,5.185.66.31
419,Thalia,Sheen,tsheenbm@boston.com,Female,122.182.132.70
420,Guss,Saiger,gsaigerbn@forbes.com,Male,13.196.49.184
421,Ware,Merrywether,wmerrywetherbo@barnesandnoble.com,Male,178.80.244.230
422,Prince,Morcombe,pmorcombebp@un.org,Male,131.165.32.48
423,Johan,Cuttings,jcuttingsbq@jiathis.com,Male,129.52.161.142
424,Aprilette,Soff,asoffbr@bbb.org,Female,246.182.166.183
425,Page,Drinan,pdrinanbs@altervista.org,Male,130.136.125.8
426,Ogden,Bellamy,obellamybt@miitbeian.gov.cn,Male,199.28.164.26
427,Jamison,Vedyasov,jvedyasovbu@cnbc.com,Male,203.242.113.54
428,Abbe,Bannell,abannellbv@wisc.edu,Female,72.54.195.58
429,Alida,Jailler,ajaillerbw@goodreads.com,Female,34.237.5.233
430,Binnie,Cuschieri,bcuschieribx@washington.edu,Female,229.55.97.90
431,Sloane,Johannesson,sjohannessonby@usa.gov,Male,29.74.72.193
432,Panchito,Maken,pmakenbz@pen.io,Male,50.144.138.158
433,Breena,Brookbank,bbrookbankc0@bloglovin.com,Female,166.225.90.149
434,Stacy,Cradock,scradockc1@harvard.edu,Female,125.227.241.2
435,Rheta,Rawlings,rrawlingsc2@imdb.com,Female,163.55.241.192
436,Dionisio,Latan,dlatanc3@miitbeian.gov.cn,Male,107.38.54.143
437,Cheslie,Barratt,cbarrattc4@1und1.de,Female,137.117.198.217
438,Tiff,Windrum,twindrumc5@jugem.jp,Female,179.251.221.177
439,Terence,Rudolf,trudolfc6@paginegialle.it,Male,8.215.90.94
440,Padriac,Londesborough,plondesboroughc7@statcounter.com,Male,220.146.134.126
441,Solly,Skurm,sskurmc8@desdev.cn,Male,148.20.169.66
442,Constantina,Betham,cbethamc9@freewebs.com,Female,92.118.45.3
443,Leoline,Somersett,lsomersettca@slate.com,Female,76.217.138.201
444,Farand,Hawkett,fhawkettcb@twitter.com,Female,94.230.45.112
445,Yard,Stitfall,ystitfallcc@senate.gov,Male,47.193.9.86
446,Nikoletta,Cullingford,ncullingfordcd@wisc.edu,Female,45.18.51.8
447,Arie,Fearns,afearnsce@google.es,Male,173.138.121.131
448,Fredra,Filyushkin,ffilyushkincf@ameblo.jp,Female,50.70.94.41
449,Mose,Iacobo,miacobocg@irs.gov,Male,143.67.253.72
450,Tymothy,Wildsmith,twildsmithch@arizona.edu,Male,193.230.233.103
451,Marris,Langeley,mlangeleyci@china.com.cn,Female,15.185.34.165
452,Dolorita,Dunstan,ddunstancj@mayoclinic.com,Female,190.146.37.114
453,Meade,Alvarez,malvarezck@mozilla.org,Male,200.148.165.161
454,Becka,Wetwood,bwetwoodcl@mtv.com,Female,226.59.66.223
455,Leta,Olwen,lolwencm@cocolog-nifty.com,Female,117.218.198.104
456,Lorelle,Emanuelli,lemanuellicn@reddit.com,Female,247.255.78.130
457,Adara,MacKeller,amackellerco@ca.gov,Female,25.77.3.122
458,Katy,Leggatt,kleggattcp@spotify.com,Female,232.118.133.34
459,Lind,Mabbett,lmabbettcq@globo.com,Female,140.175.233.16
460,Yehudi,Stowe,ystowecr@nasa.gov,Male,47.51.136.203
461,Rory,Stookes,rstookescs@mysql.com,Female,220.22.167.52
462,Nadya,Oakwood,noakwoodct@sfgate.com,Female,49.236.17.222
463,Roch,Kollasch,rkollaschcu@weibo.com,Female,178.103.164.255
464,Caryl,D'eye,cdeyecv@mashable.com,Male,174.110.102.89
465,Freddy,Denzilow,fdenzilowcw@mayoclinic.com,Male,237.49.198.105
466,Randolf,Offner,roffnercx@intel.com,Male,78.224.61.245
467,Earlie,Crolla,ecrollacy@addthis.com,Male,147.237.122.248
468,Billy,Olkowicz,bolkowiczcz@baidu.com,Male,93.94.179.38
469,Genvieve,Tinto,gtintod0@e-recht24.de,Female,134.176.216.142
470,Jervis,Setchfield,jsetchfieldd1@miibeian.gov.cn,Male,193.191.62.240
471,Jorgan,Pucknell,jpucknelld2@techcrunch.com,Male,54.47.110.137
472,Betteann,Grief,bgriefd3@devhub.com,Female,72.111.204.64
473,Pierette,Amort,pamortd4@smugmug.com,Female,151.146.234.50
474,Kora,Yurasov,kyurasovd5@blogs.com,Female,114.211.244.72
475,Brocky,Fisk,bfiskd6@samsung.com,Male,213.96.61.0
476,Ashia,Brookwell,abrookwelld7@businessweek.com,Female,67.204.164.212
477,Ivonne,Canter,icanterd8@arstechnica.com,Female,184.244.125.148
478,Elle,Loadwick,eloadwickd9@facebook.com,Female,235.93.8.120
479,Fredek,Wardrop,fwardropda@deliciousdays.com,Male,180.234.139.62
480,Bear,MacVay,bmacvaydb@moonfruit.com,Male,197.195.183.150
481,Benedict,Boughey,bbougheydc@booking.com,Male,236.33.48.107
482,Kissie,Etches,ketchesdd@epa.gov,Female,146.229.155.109
483,Pietro,Buggs,pbuggsde@sun.com,Male,135.31.8.106
484,Maddalena,Goudge,mgoudgedf@cnn.com,Female,149.147.92.57
485,Flinn,Shoppee,fshoppeedg@webmd.com,Male,181.215.214.209
486,Audy,Stuttman,astuttmandh@youtube.com,Female,201.216.183.66
487,Royall,Climpson,rclimpsondi@guardian.co.uk,Male,133.137.183.79
488,Willyt,Fogt,wfogtdj@sina.com.cn,Female,87.68.163.80
489,Bathsheba,Mighele,bmigheledk@blog.com,Female,133.85.199.41
490,Herby,Ruf,hrufdl@w3.org,Male,30.18.92.91
491,Izabel,Charke,icharkedm@angelfire.com,Female,168.231.126.226
492,Malachi,Mauchline,mmauchlinedn@samsung.com,Male,158.69.45.17
493,Keary,Casacchia,kcasacchiado@reference.com,Male,43.74.89.87
494,Rhianna,Champneys,rchampneysdp@qq.com,Female,79.23.29.120
495,Lelah,Stickles,lsticklesdq@zdnet.com,Female,41.48.240.127
496,Jammal,Keyser,jkeyserdr@360.cn,Male,252.218.181.131
497,Lynelle,Maciaszczyk,lmaciaszczykds@indiegogo.com,Female,131.96.144.224
498,Tobye,Wylder,twylderdt@indiegogo.com,Female,46.208.138.218
499,Ignazio,Peacham,ipeachamdu@trellian.com,Male,18.220.253.145
500,Marci,Szwandt,mszwandtdv@disqus.com,Female,48.101.1.212
501,Silva,Corps,scorpsdw@moonfruit.com,Female,131.65.178.54
502,Judd,Wadlow,jwadlowdx@webeden.co.uk,Male,251.231.126.235
503,Jacquelynn,O'Connel,joconneldy@flickr.com,Female,230.101.244.243
504,Binni,Couldwell,bcouldwelldz@telegraph.co.uk,Female,125.76.154.209
505,Corina,Bertolin,cbertoline0@yale.edu,Female,80.131.105.4
506,Kylen,Docherty,kdochertye1@163.com,Female,73.10.67.117
507,Christy,Keyho,ckeyhoe2@aol.com,Male,70.123.3.118
508,Desi,Chong,dchonge3@digg.com,Male,209.38.116.156
509,Norby,Banyard,nbanyarde4@nps.gov,Male,240.46.94.102
510,Quincy,Ingraham,qingrahame5@cafepress.com,Male,14.71.241.86
511,Reese,Slimings,rslimingse6@bbb.org,Male,106.51.139.96
512,Jonie,Novic,jnovice7@mit.edu,Female,70.173.71.63
513,Melly,Clara,mclarae8@hugedomains.com,Female,91.204.183.72
514,Daren,Budik,dbudike9@npr.org,Male,240.226.22.228
515,Sherlocke,Fairy,sfairyea@tinypic.com,Male,247.87.1.217
516,Orsa,Patroni,opatronieb@prlog.org,Female,104.185.90.107
517,Elianora,Anselm,eanselmec@whitehouse.gov,Female,216.91.191.213
518,Port,Thorsen,pthorsened@state.tx.us,Male,83.204.18.171
519,Zarah,Branscombe,zbranscombeee@vinaora.com,Female,146.202.25.210
520,Tobin,Lambeth,tlambethef@amazonaws.com,Male,12.93.25.120
521,Christyna,Worthing,cworthingeg@reuters.com,Female,251.124.184.252
522,Elfrieda,Tal,etaleh@t.co,Female,135.25.97.77
523,Whitman,Mechem,wmechemei@prlog.org,Male,176.141.41.169
524,Bambi,Dacks,bdacksej@newsvine.com,Female,87.41.68.117
525,Caldwell,Alessandretti,calessandrettiek@cbsnews.com,Male,148.139.248.105
526,Clywd,Caldaro,ccaldaroel@myspace.com,Male,135.178.112.91
527,Roderigo,Domke,rdomkeem@wikia.com,Male,131.68.43.112
528,Rodge,Willimot,rwillimoten@tripadvisor.com,Male,231.142.28.181
529,Urbanus,Creedland,ucreedlandeo@histats.com,Male,1.219.32.8
530,Zack,Dufaur,zdufaurep@loc.gov,Male,239.67.31.23
531,Clarine,Growcott,cgrowcotteq@desdev.cn,Female,39.9.130.134
532,Somerset,Gallgher,sgallgherer@theglobeandmail.com,Male,38.232.159.252
533,Major,Sandom,msandomes@usnews.com,Male,176.168.4.88
534,Trumaine,Kaasman,tkaasmanet@ning.com,Male,205.207.140.50
535,Rod,Loyley,rloyleyeu@admin.ch,Male,161.190.105.174
536,Alan,Matityahu,amatityahuev@dell.com,Male,34.130.172.105
537,Neal,Woolley,nwoolleyew@netscape.com,Male,135.242.89.106
538,Henriette,Scrafton,hscraftonex@gmpg.org,Female,91.70.219.223
539,Romona,Nunnery,rnunneryey@ed.gov,Female,11.61.30.7
540,Ivie,Mollnar,imollnarez@cyberchimps.com,Female,178.176.105.130
541,Goddard,Glentz,gglentzf0@artisteer.com,Male,22.253.170.128
542,Sharity,Hadgraft,shadgraftf1@diigo.com,Female,36.37.172.124
543,Allis,Probets,aprobetsf2@gnu.org,Female,80.110.1.115
544,Sella,Dabels,sdabelsf3@marriott.com,Female,184.224.181.16
545,Allan,Offa,aoffaf4@webs.com,Male,129.187.238.6
546,Mortimer,Lamborne,mlambornef5@cornell.edu,Male,206.254.139.144
547,Phylys,Burtenshaw,pburtenshawf6@booking.com,Female,20.185.135.91
548,Faydra,Lovat,flovatf7@google.de,Female,68.181.30.103
549,Jan,Deathridge,jdeathridgef8@reference.com,Female,101.38.102.149
550,Anatole,Poleye,apoleyef9@amazon.com,Male,241.243.99.32
551,Rozina,Pere,rperefa@youtube.com,Female,206.180.93.187
552,Lucita,Sigars,lsigarsfb@reddit.com,Female,235.173.88.216
553,Carlene,Hutchings,chutchingsfc@google.nl,Female,47.98.183.254
554,Link,Thorold,lthoroldfd@quantcast.com,Male,109.117.38.111
555,Shelley,Pirrie,spirriefe@earthlink.net,Male,128.152.154.135
556,Sianna,Main,smainff@addtoany.com,Female,248.178.216.7
557,Tomaso,Brushneen,tbrushneenfg@google.cn,Male,233.248.255.100
558,Guthry,Pennycuick,gpennycuickfh@bandcamp.com,Male,38.111.198.207
559,Buddie,Crole,bcrolefi@ustream.tv,Male,124.152.24.69
560,Gerard,Mileham,gmilehamfj@illinois.edu,Male,42.155.156.198
561,Pall,Aglione,paglionefk@tiny.cc,Male,85.167.33.199
562,Josie,Cocher,jcocherfl@hatena.ne.jp,Female,173.106.178.96
563,Tiena,Berns,tbernsfm@github.com,Female,243.129.128.167
564,Linnet,Harbach,lharbachfn@wikimedia.org,Female,253.109.169.228
565,Feodora,Polding,fpoldingfo@qq.com,Female,61.74.144.72
566,Jarid,Flecknoe,jflecknoefp@miibeian.gov.cn,Male,217.217.248.229
567,Gerome,McCay,gmccayfq@simplemachines.org,Male,88.113.204.214
568,Risa,Nuth,rnuthfr@rakuten.co.jp,Female,80.168.201.137
569,Berthe,Sherrott,bsherrottfs@utexas.edu,Female,191.6.118.107
570,Floris,Matashkin,fmatashkinft@blogger.com,Female,192.242.148.30
571,Prescott,Twiddell,ptwiddellfu@example.com,Male,153.134.25.144
572,Aaren,Waiting,awaitingfv@desdev.cn,Female,10.31.96.117
573,Sarah,Giacobo,sgiacobofw@bbb.org,Female,70.219.91.150
574,Tremaine,Bower,tbowerfx@comcast.net,Male,82.203.195.132
575,Brandy,Whyke,bwhykefy@wired.com,Male,0.190.54.76
576,Brianna,Addis,baddisfz@bbc.co.uk,Female,252.140.30.111
577,Drucill,Ashurst,dashurstg0@buzzfeed.com,Female,53.105.89.192
578,Maxine,Robardet,mrobardetg1@opera.com,Female,255.98.1.69
579,Kerby,Forsdike,kforsdikeg2@friendfeed.com,Male,71.184.207.245
580,Lydie,Readwing,lreadwingg3@fc2.com,Female,1.231.39.178
581,Sophey,Greenall,sgreenallg4@sciencedaily.com,Female,45.14.102.150
582,Ronnie,Pichmann,rpichmanng5@ucoz.com,Male,40.231.62.177
583,Sean,Teaz,steazg6@stanford.edu,Female,89.219.163.213
584,Quincy,Brierly,qbrierlyg7@ycombinator.com,Male,254.25.92.197
585,Kathryne,Ditch,kditchg8@desdev.cn,Female,201.163.118.119
586,Micheil,Trewin,mtrewing9@jimdo.com,Male,36.184.167.231
587,Ursa,Ketchen,uketchenga@github.com,Female,61.70.176.226
588,Cletis,Sommers,csommersgb@cornell.edu,Male,127.177.4.30
589,Karl,Silkstone,ksilkstonegc@topsy.com,Male,205.195.83.79
590,Octavius,Koene,okoenegd@slashdot.org,Male,39.206.96.198
591,Emmye,Lantuff,elantuffge@de.vu,Female,157.70.54.228
592,Hy,Gyver,hgyvergf@usa.gov,Male,27.176.94.161
593,Lemmie,Steffens,lsteffensgg@nydailynews.com,Male,158.123.128.193
594,Carla,Rising,crisinggh@hao123.com,Female,60.21.103.88
595,Brennan,McCullagh,bmccullaghgi@w3.org,Male,251.41.226.109
596,Retha,Leveritt,rleverittgj@delicious.com,Female,144.25.255.10
597,Violet,Rhys,vrhysgk@craigslist.org,Female,59.134.20.232
598,Conrade,Trustrie,ctrustriegl@kickstarter.com,Male,56.180.143.100
599,Tedie,Grimmer,tgrimmergm@businessweek.com,Male,236.114.44.59
600,Reine,Shellsheere,rshellsheeregn@google.co.jp,Female,132.251.124.58
601,Katerine,Leyborne,kleybornego@gmpg.org,Female,115.188.50.79
602,Latisha,Scolding,lscoldinggp@edublogs.org,Female,53.203.138.63
603,Lorie,Snead,lsneadgq@miitbeian.gov.cn,Female,155.124.165.215
604,Tarah,Dampney,tdampneygr@whitehouse.gov,Female,61.56.255.199
605,Mari,Kerrigan,mkerrigangs@soundcloud.com,Female,76.150.193.71
606,Thorsten,Supple,tsupplegt@apple.com,Male,123.108.241.2
607,Bird,Carek,bcarekgu@wordpress.com,Female,159.66.241.75
608,Austina,Skippon,askippongv@fotki.com,Female,168.148.151.28
609,Donni,Readitt,dreadittgw@ebay.com,Female,250.164.187.108
610,Isabella,Disbrey,idisbreygx@eepurl.com,Female,66.24.139.11
611,Barb,Gurling,bgurlinggy@ustream.tv,Female,152.173.13.83
612,Titos,Jupe,tjupegz@mapy.cz,Male,222.124.112.63
613,Davita,Hedworth,dhedworthh0@hc360.com,Female,199.238.137.175
614,Rogerio,Yurchenko,ryurchenkoh1@weather.com,Male,166.11.240.103
615,Chrysa,Simanenko,csimanenkoh2@shareasale.com,Female,150.153.159.3
616,Amara,Pruckner,aprucknerh3@amazonaws.com,Female,6.122.203.119
617,Izak,Siege,isiegeh4@a8.net,Male,253.254.134.169
618,Lottie,Sinden,lsindenh5@pinterest.com,Female,132.246.224.128
619,Gipsy,Syson,gsysonh6@tamu.edu,Female,48.37.64.133
620,Liv,Tunkin,ltunkinh7@cbc.ca,Female,120.108.135.150
621,Lian,Leele,lleeleh8@theglobeandmail.com,Female,247.1.161.242
622,Tomi,Purry,tpurryh9@independent.co.uk,Female,5.29.162.186
623,Stillmann,Bailes,sbailesha@state.tx.us,Male,252.12.46.92
624,Jedediah,Monk,jmonkhb@ycombinator.com,Male,170.98.25.14
625,Inger,Kembery,ikemberyhc@engadget.com,Male,208.23.145.207
626,Ingrid,Domone,idomonehd@tuttocitta.it,Female,131.119.105.240
627,Clemmy,Cleveley,ccleveleyhe@yahoo.co.jp,Male,49.170.111.152
628,Gustave,Conti,gcontihf@fema.gov,Male,78.222.52.194
629,Rutter,Volks,rvolkshg@seesaa.net,Male,202.81.114.212
630,Frederick,Sergeant,fsergeanthh@bbb.org,Male,11.15.44.37
631,Viole,Lott,vlotthi@surveymonkey.com,Female,144.154.102.102
632,Taddeusz,Messer,tmesserhj@eventbrite.com,Male,90.243.102.220
633,Alta,Groves,agroveshk@privacy.gov.au,Female,41.86.59.171
634,Avery,Jessope,ajessopehl@multiply.com,Male,218.140.193.231
635,Angelia,Golton,agoltonhm@51.la,Female,92.150.35.235
636,Collie,Patchett,cpatchetthn@nsw.gov.au,Female,125.207.26.241
637,Cecily,Smolan,csmolanho@pagesperso-orange.fr,Female,66.172.61.106
638,Cristabel,Wagen,cwagenhp@bloomberg.com,Female,147.39.54.188
639,Porter,O'Hagerty,pohagertyhq@dailymail.co.uk,Male,224.35.208.102
640,Larry,Boshers,lboshershr@senate.gov,Male,131.24.196.66
641,Morton,Horsfield,mhorsfieldhs@uiuc.edu,Male,25.122.32.97
642,Dalston,Richardet,drichardetht@behance.net,Male,25.184.20.106
643,Adelina,Perazzo,aperazzohu@sphinn.com,Female,147.235.104.172
644,Germain,Onion,gonionhv@usatoday.com,Male,51.174.164.220
645,Willabella,Dietzler,wdietzlerhw@wisc.edu,Female,181.67.69.0
646,Kimmi,Ilem,kilemhx@imgur.com,Female,189.134.149.63
647,Georas,Elletson,gelletsonhy@webs.com,Male,159.69.14.16
648,Sal,Jouannot,sjouannothz@intel.com,Female,38.215.37.114
649,Karlens,Chidler,kchidleri0@naver.com,Male,212.8.237.125
650,Ber,Blackmuir,bblackmuiri1@shutterfly.com,Male,201.247.156.58
651,Phil,Cursons,pcursonsi2@imageshack.us,Female,89.192.249.148
652,Carol-jean,Fawckner,cfawckneri3@printfriendly.com,Female,223.34.213.88
653,Joellyn,Piccard,jpiccardi4@squidoo.com,Female,134.70.140.219
654,Halsey,Pulver,hpulveri5@smh.com.au,Male,172.228.238.49
655,Margie,Albinson,malbinsoni6@microsoft.com,Female,28.224.44.195
656,Marja,Jerrard,mjerrardi7@dell.com,Female,54.0.253.232
657,Merla,Feehily,mfeehilyi8@cbc.ca,Female,119.229.223.241
658,Gualterio,Hayton,ghaytoni9@si.edu,Male,154.249.43.1
659,Dale,Sutherley,dsutherleyia@java.com,Female,26.240.139.59
660,Aubry,Minor,aminorib@kickstarter.com,Female,12.250.239.95
661,Gweneth,Whitby,gwhitbyic@state.gov,Female,121.160.153.52
662,Ibrahim,Tweedle,itweedleid@jalbum.net,Male,109.235.14.161
663,Avrom,Gatlin,agatlinie@cnn.com,Male,9.187.175.95
664,Ev,Middle,emiddleif@amazon.com,Male,98.190.168.146
665,Jessie,Coping,jcopingig@unc.edu,Female,156.165.11.60
666,Arlena,Russ,arussih@hostgator.com,Female,137.61.25.135
667,Valentijn,Glendining,vglendiningii@google.com.hk,Male,228.37.175.100
668,Edythe,Enders,eendersij@so-net.ne.jp,Female,85.59.115.11
669,Kerianne,Forton,kfortonik@nih.gov,Female,225.246.222.67
670,Gertie,Jedrzejczyk,gjedrzejczykil@mayoclinic.com,Female,150.248.48.238
671,Dougy,Gerge,dgergeim@va.gov,Male,49.114.206.234
672,Claiborne,Ebdon,cebdonin@cam.ac.uk,Male,218.99.219.65
673,Stephenie,Currer,scurrerio@infoseek.co.jp,Female,187.241.171.133
674,Fonzie,Carlon,fcarlonip@independent.co.uk,Male,248.123.130.122
675,Ody,Cutajar,ocutajariq@nyu.edu,Male,23.105.182.140
676,Had,Wooles,hwoolesir@dedecms.com,Male,130.248.174.192
677,Evelyn,Muscroft,emuscroftis@earthlink.net,Male,204.183.72.67
678,Jody,Aleksandrikin,jaleksandrikinit@prnewswire.com,Male,74.28.249.96
679,Arabela,Barhems,abarhemsiu@1und1.de,Female,149.235.118.75
680,Erminie,McElhinney,emcelhinneyiv@yelp.com,Female,71.123.189.214
681,Rowe,Startin,rstartiniw@booking.com,Female,118.49.217.59
682,Noel,Drexel,ndrexelix@blogtalkradio.com,Male,59.100.178.237
683,Lisette,Goodsal,lgoodsaliy@adobe.com,Female,209.85.111.197
684,Di,McTavy,dmctavyiz@dell.com,Female,212.162.52.38
685,Jerrie,Leveret,jleveretj0@twitpic.com,Male,47.245.9.131
686,Skell,Janning,sjanningj1@dell.com,Male,80.97.220.88
687,Arlan,Belsher,abelsherj2@telegraph.co.uk,Male,72.107.167.49
688,Aida,Neilus,aneilusj3@wp.com,Female,78.58.163.140
689,Trista,Rakestraw,trakestrawj4@miibeian.gov.cn,Female,223.69.75.25
690,Wiley,Croughan,wcroughanj5@facebook.com,Male,188.254.24.54
691,Aleece,Skillern,askillernj6@yolasite.com,Female,3.5.225.156
692,Karney,Gaitung,kgaitungj7@mashable.com,Male,186.255.124.209
693,Bing,Gerin,bgerinj8@goo.gl,Male,22.185.62.87
694,Angelika,Shoreman,ashoremanj9@yahoo.co.jp,Female,237.210.79.246
695,Desiree,Sansum,dsansumja@arizona.edu,Female,226.218.23.32
696,Geno,Playdon,gplaydonjb@ed.gov,Male,26.94.134.127
697,Ammamaria,Keywood,akeywoodjc@eepurl.com,Female,78.246.155.150
698,Dietrich,Joly,djolyjd@studiopress.com,Male,35.255.149.64
699,Nettle,Eddies,neddiesje@symantec.com,Female,44.176.231.166
700,Cecily,Impy,cimpyjf@ox.ac.uk,Female,54.71.145.60
701,Jamesy,Durand,jdurandjg@shop-pro.jp,Male,114.225.153.140
702,Lind,Ainsworth,lainsworthjh@google.fr,Male,133.226.174.142
703,Lavena,Puddan,lpuddanji@chicagotribune.com,Female,185.144.143.143
704,Malchy,Fidelus,mfidelusjj@tripod.com,Male,111.213.62.90
705,Ethan,Goodale,egoodalejk@biglobe.ne.jp,Male,81.248.202.222
706,Nichole,Headings,nheadingsjl@bigcartel.com,Male,177.250.17.252
707,Billi,Bubbins,bbubbinsjm@exblog.jp,Female,181.113.228.192
708,Mackenzie,Biesterfeld,mbiesterfeldjn@virginia.edu,Male,184.140.155.200
709,Walliw,Howat,whowatjo@geocities.com,Female,206.85.35.103
710,Julie,Poytress,jpoytressjp@mozilla.com,Male,35.71.117.80
711,Consuelo,Calderwood,ccalderwoodjq@blogtalkradio.com,Female,215.163.218.189
712,Nelia,Feldbrin,nfeldbrinjr@artisteer.com,Female,255.30.251.113
713,Anetta,Sakins,asakinsjs@theglobeandmail.com,Female,95.176.230.114
714,Rosabel,Doncaster,rdoncasterjt@telegraph.co.uk,Female,21.9.107.2
715,Sibelle,Giddins,sgiddinsju@tinypic.com,Female,55.113.216.160
716,Jameson,Bramo,jbramojv@upenn.edu,Male,248.109.246.182
717,Elliott,Bemment,ebemmentjw@phoca.cz,Male,214.92.55.244
718,Hilarius,Van Ross,hvanrossjx@altervista.org,Male,236.175.202.90
719,Teddy,Pitney,tpitneyjy@gov.uk,Male,27.21.172.103
720,Abbie,Soppit,asoppitjz@arizona.edu,Male,78.247.53.55
721,Alva,Chestnut,achestnutk0@spotify.com,Male,130.170.73.213
722,Nickolaus,Ormerod,normerodk1@reuters.com,Male,6.36.232.99
723,Cointon,Baldazzi,cbaldazzik2@latimes.com,Male,13.55.227.230
724,Kali,Tulip,ktulipk3@wunderground.com,Female,103.11.215.71
725,Krystle,Cunnah,kcunnahk4@angelfire.com,Female,233.131.20.7
726,Clive,Rubery,cruberyk5@pbs.org,Male,233.201.111.196
727,Henka,Gatesman,hgatesmank6@businessinsider.com,Female,138.255.203.186
728,Jeramey,Lope,jlopek7@joomla.org,Male,180.25.96.47
729,Meggie,Whittle,mwhittlek8@timesonline.co.uk,Female,107.158.130.95
730,Timmi,Saffill,tsaffillk9@ihg.com,Female,124.9.69.163
731,Kathryn,Facey,kfaceyka@fotki.com,Female,202.99.72.53
732,Hartwell,Sine,hsinekb@netscape.com,Male,248.211.122.205
733,Shadow,Studde,sstuddekc@dmoz.org,Male,175.57.83.60
734,Rey,Izkoveski,rizkoveskikd@buzzfeed.com,Male,191.249.87.208
735,Beckie,Allardyce,ballardyceke@ezinearticles.com,Female,33.156.49.2
736,Reid,Goldsmith,rgoldsmithkf@wikispaces.com,Male,99.166.46.180
737,Heindrick,Dael,hdaelkg@devhub.com,Male,132.126.107.70
738,Alaster,Cudihy,acudihykh@newsvine.com,Male,217.1.120.81
739,Filmer,Klessmann,fklessmannki@unesco.org,Male,237.104.234.137
740,Frederico,Peverell,fpeverellkj@histats.com,Male,85.3.68.96
741,Alejandro,Stribling,astriblingkk@economist.com,Male,135.255.150.26
742,Fulvia,Carlisi,fcarlisikl@yahoo.co.jp,Female,14.51.155.83
743,Regen,D'Acth,rdacthkm@hhs.gov,Male,42.173.90.42
744,Guthry,Abbatucci,gabbatuccikn@cdbaby.com,Male,180.87.101.69
745,Sukey,Fashion,sfashionko@cbsnews.com,Female,210.114.139.121
746,Bailey,Boldock,bboldockkp@irs.gov,Male,149.204.58.171
747,Jamal,Dunnion,jdunnionkq@berkeley.edu,Male,137.223.240.53
748,Callida,Duiguid,cduiguidkr@indiatimes.com,Female,242.124.216.45
749,Tawsha,Harcase,tharcaseks@mlb.com,Female,115.191.121.180
750,Lindy,Ashpital,lashpitalkt@dailymail.co.uk,Female,56.31.156.113
751,Abie,Bonifant,abonifantku@mayoclinic.com,Male,76.246.225.105
752,Agata,Gantz,agantzkv@paginegialle.it,Female,26.102.81.240
753,Caesar,Midgley,cmidgleykw@npr.org,Male,25.129.61.3
754,Rey,Smiley,rsmileykx@narod.ru,Male,190.191.123.234
755,Glenna,Sibille,gsibilleky@indiatimes.com,Female,117.75.250.81
756,Gordon,Fisby,gfisbykz@trellian.com,Male,90.180.174.3
757,Jackson,Eastgate,jeastgatel0@who.int,Male,159.198.225.233
758,Georgena,Summersby,gsummersbyl1@mozilla.org,Female,171.78.166.253
759,Kendell,Wishkar,kwishkarl2@multiply.com,Male,75.129.20.116
760,Wood,Geraghty,wgeraghtyl3@jugem.jp,Male,110.145.62.189
761,Barny,McMenamy,bmcmenamyl4@digg.com,Male,109.187.72.83
762,Adriano,Worssam,aworssaml5@businessinsider.com,Male,29.107.212.145
763,Roseanne,Le Blanc,rleblancl6@ameblo.jp,Female,241.165.85.8
764,Marianne,Waterfield,mwaterfieldl7@tinyurl.com,Female,120.187.30.143
765,Hildegarde,Marchenko,hmarchenkol8@harvard.edu,Female,74.142.94.75
766,Heath,Pring,hpringl9@joomla.org,Female,201.251.199.45
767,Elnore,Johann,ejohannla@github.io,Female,160.36.177.229
768,Maxine,Jzhakov,mjzhakovlb@stumbleupon.com,Female,29.138.141.205
769,Olympie,Pratley,opratleylc@instagram.com,Female,98.81.242.131
770,Gale,Goulder,ggoulderld@nationalgeographic.com,Male,250.99.171.196
771,Ellerey,Grzeszczak,egrzeszczakle@stanford.edu,Male,93.212.154.139
772,Wes,Bathow,wbathowlf@wikipedia.org,Male,102.177.103.21
773,Franni,Heatherington,fheatheringtonlg@google.es,Female,18.62.48.239
774,Misti,Huggin,mhugginlh@answers.com,Female,95.122.224.217
775,Cynthea,Lehrmann,clehrmannli@hugedomains.com,Female,141.202.174.238
776,Barnabe,Ticehurst,bticehurstlj@skype.com,Male,128.36.225.66
777,Zared,Pickup,zpickuplk@fotki.com,Male,123.106.229.117
778,Ludovico,Lapere,llaperell@360.cn,Male,50.252.31.161
779,Colver,Midgley,cmidgleylm@nbcnews.com,Male,161.92.162.98
780,Sapphire,Marquet,smarquetln@virginia.edu,Female,90.118.211.13
781,Shirlee,Mattioli,smattiolilo@europa.eu,Female,157.199.6.33
782,Haven,Traice,htraicelp@drupal.org,Male,154.176.244.48
783,Ian,Repp,irepplq@ox.ac.uk,Male,46.167.71.114
784,Conney,Otson,cotsonlr@unc.edu,Male,169.32.142.255
785,Wade,Broschke,wbroschkels@npr.org,Male,75.148.252.37
786,Gilburt,Woodwing,gwoodwinglt@craigslist.org,Male,203.217.65.170
787,Kermy,Mc Andrew,kmcandrewlu@nytimes.com,Male,122.43.179.221
788,Trudi,Westmore,twestmorelv@sakura.ne.jp,Female,192.194.210.132
789,Fulvia,O'Loughane,foloughanelw@mayoclinic.com,Female,10.66.243.254
790,Brit,Sirmon,bsirmonlx@plala.or.jp,Male,36.194.205.2
791,Anastassia,Fitzjohn,afitzjohnly@oaic.gov.au,Female,206.132.227.207
792,Annissa,Duchesne,aduchesnelz@mediafire.com,Female,112.248.79.185
793,Wenda,Pughsley,wpughsleym0@va.gov,Female,140.114.189.43
794,Miriam,Gifford,mgiffordm1@shareasale.com,Female,248.153.129.210
795,Al,Leeb,aleebm2@nationalgeographic.com,Male,212.55.6.14
796,Obadiah,Croutear,ocroutearm3@engadget.com,Male,147.111.96.36
797,Benedetto,Warbrick,bwarbrickm4@home.pl,Male,117.29.89.144
798,Masha,Houston,mhoustonm5@cdc.gov,Female,250.65.82.151
799,Jessalin,Denne,jdennem6@cyberchimps.com,Female,187.200.223.159
800,Nonah,Yemm,nyemmm7@accuweather.com,Female,203.16.48.174
801,Harold,Ashlin,hashlinm8@prweb.com,Male,121.26.192.173
802,Alane,Mollon,amollonm9@archive.org,Female,166.227.241.171
803,Lory,Gourley,lgourleyma@google.co.uk,Female,162.121.156.104
804,Cos,Denacamp,cdenacampmb@dedecms.com,Male,222.2.72.129
805,Keane,Bouchard,kbouchardmc@sciencedaily.com,Male,193.61.7.17
806,Bard,Sillett,bsillettmd@photobucket.com,Male,23.34.62.33
807,Colin,Tams,ctamsme@intel.com,Male,125.56.95.192
808,Nat,Tonks,ntonksmf@earthlink.net,Male,91.33.71.105
809,Yard,Faulks,yfaulksmg@t-online.de,Male,184.39.169.70
810,Flossie,Fresson,ffressonmh@barnesandnoble.com,Female,129.11.80.146
811,Gabbey,Izakof,gizakofmi@comsenz.com,Female,55.231.86.57
812,Dacia,Rikel,drikelmj@biblegateway.com,Female,99.224.172.203
813,Michell,Prichard,mprichardmk@g.co,Female,66.249.202.13
814,Roselia,Farish,rfarishml@elegantthemes.com,Female,237.245.28.2
815,Ugo,Twede,utwedemm@bloglines.com,Male,125.13.64.11
816,Waverly,Spellecy,wspellecymn@eventbrite.com,Male,98.51.205.133
817,Davide,Trigwell,dtrigwellmo@nsw.gov.au,Male,16.93.172.114
818,Salomone,Dolton,sdoltonmp@narod.ru,Male,68.15.18.117
819,Daryle,Toulson,dtoulsonmq@pinterest.com,Male,118.108.153.53
820,Filbert,MacPake,fmacpakemr@disqus.com,Male,195.187.193.51
821,Davy,Glascott,dglascottms@thetimes.co.uk,Male,67.130.140.164
822,Egor,Lange,elangemt@desdev.cn,Male,218.202.103.87
823,Mortie,Bleibaum,mbleibaummu@mediafire.com,Male,229.35.117.77
824,Cornelius,Dimont,cdimontmv@youku.com,Male,32.241.119.0
825,Franky,Izaks,fizaksmw@blogs.com,Male,244.12.22.54
826,Cyrill,Oubridge,coubridgemx@desdev.cn,Male,17.95.110.240
827,Frank,Besemer,fbesemermy@whitehouse.gov,Male,56.102.101.59
828,Piggy,Jaimez,pjaimezmz@bing.com,Male,101.90.136.247
829,Alfred,Bassil,abassiln0@amazonaws.com,Male,17.251.228.211
830,Gianina,Ferreras,gferrerasn1@shop-pro.jp,Female,237.230.222.29
831,Dannel,Biddleston,dbiddlestonn2@sfgate.com,Male,55.205.60.137
832,Kaile,Broadbear,kbroadbearn3@opera.com,Female,37.11.142.33
833,Jerrie,Haddrell,jhaddrelln4@yahoo.com,Male,54.35.56.67
834,Tamas,Rodell,trodelln5@blogspot.com,Male,88.73.140.146
835,Mario,Kennealy,mkennealyn6@google.pl,Male,88.181.9.198
836,Samuel,Rollinson,srollinsonn7@domainmarket.com,Male,188.166.3.24
837,Athena,Abramowitch,aabramowitchn8@skype.com,Female,143.17.86.217
838,Thomasa,Concannon,tconcannonn9@yellowpages.com,Female,152.165.49.62
839,Johnnie,Insall,jinsallna@google.fr,Male,111.4.212.233
840,Ernie,Shervil,eshervilnb@myspace.com,Male,40.19.48.119
841,Fremont,Surcomb,fsurcombnc@fotki.com,Male,121.148.161.42
842,Maximo,McDougle,mmcdouglend@cnbc.com,Male,40.71.46.43
843,Avram,Thorsen,athorsenne@surveymonkey.com,Male,156.77.70.48
844,Audrye,Pochet,apochetnf@bizjournals.com,Female,217.231.54.117
845,Vassily,Saladine,vsaladineng@youku.com,Male,210.63.163.60
846,Myrta,Poolton,mpooltonnh@slashdot.org,Female,164.17.157.188
847,Omar,Opie,oopieni@w3.org,Male,71.169.203.249
848,Robb,Mason,rmasonnj@tamu.edu,Male,226.88.198.38
849,Roderick,Clayton,rclaytonnk@tripadvisor.com,Male,184.161.79.238
850,Garrard,Grut,ggrutnl@360.cn,Male,119.65.11.246
851,Gustavus,Tick,gticknm@dion.ne.jp,Male,134.101.202.94
852,Kendell,Gallaccio,kgallaccionn@miibeian.gov.cn,Male,209.80.243.198
853,Mathias,Plessing,mplessingno@kickstarter.com,Male,7.108.214.108
854,Licha,Silbert,lsilbertnp@spotify.com,Female,231.30.147.7
855,Milt,Peskett,mpeskettnq@rediff.com,Male,32.106.179.154
856,Anna-diana,Hellmore,ahellmorenr@cloudflare.com,Female,78.93.23.77
857,Audrey,Ertelt,aerteltns@wunderground.com,Female,185.122.225.140
858,Fair,Crumbie,fcrumbient@arizona.edu,Male,187.181.134.183
859,Haze,Prandoni,hprandoninu@netlog.com,Male,169.14.110.75
860,Berti,Endon,bendonnv@edublogs.org,Male,41.161.162.129
861,Monte,Stave,mstavenw@amazon.co.uk,Male,66.177.162.28
862,Ivor,Nield,inieldnx@newyorker.com,Male,77.143.236.75
863,Pryce,Zanini,pzanininy@nymag.com,Male,113.90.91.212
864,Dunstan,Klemencic,dklemencicnz@netlog.com,Male,171.208.48.98
865,Jamaal,O'Fairy,jofairyo0@economist.com,Male,95.151.237.68
866,Enid,Rasp,eraspo1@dropbox.com,Female,154.242.19.103
867,Gisela,MacAlaster,gmacalastero2@jiathis.com,Female,124.65.71.103
868,Gayelord,Albiston,galbistono3@nydailynews.com,Male,62.131.10.43
869,Brooks,Aulsford,baulsfordo4@barnesandnoble.com,Female,205.12.46.162
870,Madge,Edinborough,medinborougho5@networksolutions.com,Female,47.66.108.116
871,Matthiew,Crookshanks,mcrookshankso6@apache.org,Male,8.43.66.196
872,Lanny,Village,lvillageo7@blogtalkradio.com,Male,181.3.62.163
873,Cob,Laraway,clarawayo8@rakuten.co.jp,Male,245.32.201.30
874,Giavani,Cuthbert,gcuthberto9@google.fr,Male,143.116.179.189
875,Cosmo,Krystof,ckrystofoa@amazon.de,Male,36.102.87.236
876,Pren,Russilll,prussilllob@techcrunch.com,Male,166.242.76.19
877,Rod,Royden,rroydenoc@w3.org,Male,111.181.233.188
878,Amandi,Cattini,acattiniod@irs.gov,Female,64.205.171.164
879,Gabriel,Alster,galsteroe@typepad.com,Male,18.223.32.215
880,Carr,Danielczyk,cdanielczykof@springer.com,Male,65.175.178.78
881,Neddy,Scandroot,nscandrootog@tmall.com,Male,204.154.45.109
882,Francois,Haack,fhaackoh@unc.edu,Male,97.252.165.88
883,Brandy,Aspinwall,baspinwalloi@mac.com,Male,86.144.70.162
884,Al,Cherry,acherryoj@columbia.edu,Male,177.71.128.221
885,Avram,Lory,aloryok@privacy.gov.au,Male,161.39.96.177
886,Oralee,Lighten,olightenol@dell.com,Female,157.152.190.97
887,Susanetta,Varnham,svarnhamom@tinypic.com,Female,161.120.41.155
888,Lacee,Gannon,lgannonon@ehow.com,Female,248.91.238.101
889,Carter,Giannazzi,cgiannazzioo@123-reg.co.uk,Male,213.225.156.214
890,Rutter,Martinovic,rmartinovicop@google.fr,Male,18.149.125.104
891,Johnnie,Smogur,jsmoguroq@google.com.br,Male,143.48.95.82
892,Nicolis,Dureden,nduredenor@tinypic.com,Male,56.71.60.126
893,Dominique,Lalevee,dlaleveeos@columbia.edu,Male,10.181.94.238
894,Sarita,Graham,sgrahamot@pinterest.com,Female,165.109.172.154
895,Cris,Cockerill,ccockerillou@zdnet.com,Female,225.198.225.83
896,Gerald,Grishunin,ggrishuninov@nytimes.com,Male,143.109.138.229
897,Lyn,Spelwood,lspelwoodow@yellowbook.com,Male,247.202.13.70
898,Thornton,Markie,tmarkieox@gov.uk,Male,118.103.198.36
899,Ly,Jeannaud,ljeannaudoy@guardian.co.uk,Male,99.32.34.223
900,Way,Fluck,wfluckoz@columbia.edu,Male,162.231.235.29
901,Marve,McEvon,mmcevonp0@guardian.co.uk,Male,80.111.179.6
902,Ezri,Coppins,ecoppinsp1@discovery.com,Male,207.51.155.229
903,Dicky,Battie,dbattiep2@cbslocal.com,Male,227.203.137.90
904,Francoise,Manzell,fmanzellp3@apache.org,Female,56.230.3.222
905,Porty,Spinley,pspinleyp4@google.cn,Male,220.201.13.82
906,Lishe,Stormes,lstormesp5@foxnews.com,Female,208.57.162.226
907,Hastings,Beardshall,hbeardshallp6@bloglovin.com,Male,106.62.254.253
908,Flinn,Webby,fwebbyp7@xing.com,Male,6.98.73.254
909,Aylmar,Zini,azinip8@va.gov,Male,249.24.157.127
910,Dicky,Elwill,delwillp9@xing.com,Male,233.21.184.159
911,Cayla,Musla,cmuslapa@elegantthemes.com,Female,59.160.131.27
912,Cleveland,Pigny,cpignypb@list-manage.com,Male,62.157.80.242
913,Mauricio,O'Mara,momarapc@blogs.com,Male,133.153.169.65
914,Brenna,Gerson,bgersonpd@wiley.com,Female,201.147.96.23
915,Rozanne,Godfray,rgodfraype@wordpress.org,Female,172.12.178.51
916,Reinold,Birchner,rbirchnerpf@harvard.edu,Male,176.171.4.26
917,Marcel,Leivers,mleiverspg@devhub.com,Male,224.35.69.87
918,Stefano,Nealy,snealyph@utexas.edu,Male,214.28.123.249
919,Iggy,Breheny,ibrehenypi@live.com,Male,57.3.142.149
920,Karena,Orritt,korrittpj@newsvine.com,Female,126.185.53.203
921,Cynde,Erridge,cerridgepk@umn.edu,Female,126.108.204.149
922,Amos,Stedson,astedsonpl@statcounter.com,Male,183.46.210.66
923,Ricky,Itter,ritterpm@google.com.hk,Male,14.56.113.158
924,Odetta,Servant,oservantpn@parallels.com,Female,24.206.86.112
925,Francklin,Woolfoot,fwoolfootpo@uol.com.br,Male,151.147.27.238
926,Jeffrey,Todeo,jtodeopp@bbb.org,Male,199.52.160.6
927,Hattie,Lomen,hlomenpq@wsj.com,Female,45.186.115.240
928,Fianna,Blitz,fblitzpr@sogou.com,Female,222.118.236.33
929,Fairfax,Cosby,fcosbyps@github.com,Male,145.128.196.13
930,Amalee,Broadway,abroadwaypt@craigslist.org,Female,151.90.253.169
931,Augie,Joiner,ajoinerpu@smh.com.au,Male,130.92.35.185
932,Rad,Paish,rpaishpv@altervista.org,Male,214.13.2.128
933,Saraann,Stagge,sstaggepw@ow.ly,Female,185.153.59.249
934,Karoly,Trayford,ktrayfordpx@msu.edu,Female,20.77.137.72
935,Devondra,Musselwhite,dmusselwhitepy@slashdot.org,Female,137.68.192.231
936,Bertha,Danson,bdansonpz@fda.gov,Female,55.197.142.253
937,Rosalyn,Thorogood,rthorogoodq0@pinterest.com,Female,33.194.118.39
938,Standford,Comelli,scomelliq1@scribd.com,Male,237.8.84.174
939,Towny,Phlippi,tphlippiq2@taobao.com,Male,141.165.225.67
940,Gerardo,Gromley,ggromleyq3@chron.com,Male,230.118.154.250
941,Letti,Huncoot,lhuncootq4@plala.or.jp,Female,28.57.254.132
942,Chandler,Linck,clinckq5@w3.org,Male,116.13.148.162
943,Brianna,Seawell,bseawellq6@newyorker.com,Female,53.168.194.31
944,Rhea,Fennelly,rfennellyq7@icq.com,Female,137.182.1.7
945,Elisha,Vinker,evinkerq8@tamu.edu,Female,255.151.129.215
946,Lanni,Rozea,lrozeaq9@webeden.co.uk,Female,4.62.115.177
947,Lanita,Sherrott,lsherrottqa@nyu.edu,Female,144.53.67.97
948,Adriane,Gyver,agyverqb@intel.com,Female,29.120.231.208
949,Gualterio,Arro,garroqc@com.com,Male,220.244.158.214
950,Lorry,Kahn,lkahnqd@icio.us,Female,67.136.188.202
951,Berte,Morton,bmortonqe@blogs.com,Female,61.119.162.78
952,Dru,Brunton,dbruntonqf@usnews.com,Male,122.97.19.108
953,Derick,Pearch,dpearchqg@amazon.com,Male,200.191.11.128
954,Bord,Rennard,brennardqh@livejournal.com,Male,185.120.95.38
955,Kathie,Palombi,kpalombiqi@java.com,Female,144.72.241.5
956,Ashlee,Kimbling,akimblingqj@g.co,Female,175.139.109.134
957,Roddy,Ledson,rledsonqk@newsvine.com,Male,2.98.25.234
958,Bear,Gosnold,bgosnoldql@npr.org,Male,199.69.223.26
959,Rois,Ffrench,rffrenchqm@hud.gov,Female,242.66.2.124
960,Kimberley,Crunden,kcrundenqn@illinois.edu,Female,17.212.35.233
961,Killian,Philpotts,kphilpottsqo@statcounter.com,Male,57.90.97.115
962,Yoko,Bleacher,ybleacherqp@webs.com,Female,160.12.163.32
963,Marten,Stetson,mstetsonqq@mysql.com,Male,12.121.93.237
964,Goldie,Treweek,gtreweekqr@jugem.jp,Female,123.68.229.196
965,Dalia,Yarmouth,dyarmouthqs@google.de,Female,144.99.11.187
966,Corry,Eaton,ceatonqt@deviantart.com,Female,190.146.235.74
967,Win,Jentet,wjentetqu@ehow.com,Male,84.186.125.187
968,Paulette,Colafate,pcolafateqv@amazonaws.com,Female,230.225.153.13
969,Luigi,Antoni,lantoniqw@yellowbook.com,Male,117.221.215.78
970,Paddy,Leadstone,pleadstoneqx@eepurl.com,Male,83.39.160.27
971,Meara,Bothen,mbothenqy@microsoft.com,Female,61.254.47.36
972,Eloisa,Tynnan,etynnanqz@ifeng.com,Female,186.97.80.151
973,Pren,Cluer,pcluerr0@odnoklassniki.ru,Male,252.77.12.145
974,Blanche,Gebhardt,bgebhardtr1@ed.gov,Female,242.213.181.41
975,Micki,Jentgens,mjentgensr2@wikispaces.com,Female,106.166.154.194
976,Maggie,Fox,mfoxr3@desdev.cn,Female,182.163.26.102
977,Haily,Pote,hpoter4@xing.com,Female,0.159.12.100
978,Arley,Crass,acrassr5@netscape.com,Male,200.21.105.230
979,Chevalier,Salzberg,csalzbergr6@unblog.fr,Male,129.207.35.22
980,Torrie,Stear,tstearr7@goo.gl,Female,206.21.219.252
981,Loydie,Gibbonson,lgibbonsonr8@mysql.com,Male,183.177.203.208
982,Rouvin,Normanville,rnormanviller9@list-manage.com,Male,217.152.122.136
983,Edithe,Koschke,ekoschkera@facebook.com,Female,251.246.8.235
984,Timothea,Dun,tdunrb@google.it,Female,73.185.198.156
985,Candra,McCraine,cmccrainerc@opensource.org,Female,221.161.44.45
986,Freddy,Brands,fbrandsrd@studiopress.com,Female,218.181.200.129
987,Hazlett,Bortoluzzi,hbortoluzzire@ezinearticles.com,Male,249.189.134.224
988,Rebekah,Connick,rconnickrf@drupal.org,Female,247.178.111.248
989,Damaris,Smalridge,dsmalridgerg@elpais.com,Female,125.50.74.27
990,Alix,Blaksland,ablakslandrh@apache.org,Male,73.193.61.129
991,Matthaeus,Audry,maudryri@sina.com.cn,Male,225.27.122.66
992,Saul,Fallow,sfallowrj@macromedia.com,Male,79.104.76.68
993,Tillie,Bleazard,tbleazardrk@weather.com,Female,230.109.179.83
994,Everard,Algore,ealgorerl@yolasite.com,Male,14.248.6.194
995,Wilden,Nulty,wnultyrm@latimes.com,Male,179.72.106.138
996,Gordon,Sabater,gsabaterrn@rediff.com,Male,210.90.120.195
997,Estrella,Stuckford,estuckfordro@walmart.com,Female,52.57.96.186
998,Fraser,Corrigan,fcorriganrp@cbc.ca,Male,220.143.231.236
999,Fanni,St. Aubyn,fstaubynrq@soup.io,Female,237.136.204.245
1000,Vern,Wand,vwandrr@cbc.ca,Male,81.133.121.28
